{"turing_commit":"4220e18905d7fef7ab992efb5e63f46e96e3443c","name":"Gaussian Model","time":27.394261255,"mem":2882457040,"turing":{"elapsed":0.13172014295238094,"lam[2]":0.036688941931898804,"lam[3]":0.8099118974786321,"mu":9.415864706440576,"lam[7]":1.454759628095402,"lam[5]":1.3561959270713664,"lam[4]":1.637390755505879,"lf_num":5.0,"lam[1]":0.00010329238682021032,"lp":-31.837362133607023,"eval_num":8.0,"epsilon":0.25,"lam[6]":1.6607198725324557},"created":"26-Jan-2019-20-39-50","bench_commit":"4a823a9ed5a52914f0f05e951dc13c2045924719","engine":"Gibbs(200, HMC(10, 0.25, 5, :mu), PG(20, 10, :lam))"}
