{"turing_commit":"4220e18905d7fef7ab992efb5e63f46e96e3443c","name":"Simple Gaussian Model","time":0.372406561,"mem":55610768,"turing":{"lf_num":3.0,"eval_num":5.0,"m":0.7618177536565329,"epsilon":0.09999999999999987,"elapsed":0.00020117291200000005,"lp":-6.085937366089495,"s":2.2310447325236247,"lf_eps":0.09999999999999987},"created":"26-Jan-2019-20-34-05","bench_commit":"4a823a9ed5a52914f0f05e951dc13c2045924719","analytic":{"m":1.1666666666666667,"s":2.0416666666666665},"engine":"HMC(2000, 0.1, 3)"}
