{"turing_commit":"873aaece57def9e5e2ecd83430bbe29c31c1d64b","name":"Gaussian Model","time":12.044001675,"mem":3532693442,"turing":{"elapsed":0.05856084971428571,"lam[2]":0.021849999760301345,"lam[3]":0.8945419349572228,"mu":9.40468989192457,"lam[7]":1.2375265287291302,"lam[5]":0.9674883346951516,"lam[4]":1.4385247822432985,"lf_num":5.0,"lam[1]":8.964817292365236e-5,"lp":-30.053312707948717,"eval_num":8.0,"epsilon":0.25,"lam[6]":0.6637758319270688},"created":"16-Dec-2018-00-12-06","bench_commit":"5454701458ebd907daeb3906d3675003ff8a7c51","engine":"Gibbs(200, HMC(10, 0.25, 5, :mu), PG(20, 10, :lam))"}
