{"turing_commit":"873aaece57def9e5e2ecd83430bbe29c31c1d64b","name":"Simple Gaussian Model","time":0.246530647,"mem":87479430,"turing":{"lf_num":3.0,"eval_num":5.0,"m":1.1260279297497255,"epsilon":0.09999999999999987,"elapsed":0.00011990329699999999,"lp":-6.117360613857307,"s":3.835074358533898,"lf_eps":0.09999999999999987},"created":"16-Dec-2018-00-10-58","bench_commit":"5454701458ebd907daeb3906d3675003ff8a7c51","analytic":{"m":1.1666666666666667,"s":2.0416666666666665},"engine":"HMC(2000, 0.1, 3)"}
