{"turing_commit":"623afa9c69035cc3c1499808c10e8e3573ed4c14","name":"Gaussian Model","time":13.258316812999999,"mem":3536326448,"turing":{"elapsed":0.06623150914285714,"lam[2]":0.020432152804679256,"lam[3]":0.7860398308879406,"mu":9.223617460907102,"lam[7]":0.5167002982114237,"lam[5]":1.2942135528909933,"lam[4]":1.108092660064745,"lf_num":5.0,"lam[1]":0.0021082476288997337,"lp":-47.2759390446104,"eval_num":8.0,"epsilon":0.25,"lam[6]":1.1427761362106392},"created":"16-Dec-2018-00-14-38","bench_commit":"5454701458ebd907daeb3906d3675003ff8a7c51","engine":"Gibbs(200, HMC(10, 0.25, 5, :mu), PG(20, 10, :lam))"}
