{"turing_commit":"623afa9c69035cc3c1499808c10e8e3573ed4c14","name":"Simple Gaussian Model","time":0.276084125,"mem":74536464,"turing":{"lf_num":3.0,"eval_num":5.0,"m":0.8641805532603009,"epsilon":0.09999999999999987,"elapsed":0.000134166932,"lp":-5.847308984742315,"s":2.0690154085939345,"lf_eps":0.09999999999999987},"created":"16-Dec-2018-00-13-27","bench_commit":"5454701458ebd907daeb3906d3675003ff8a7c51","analytic":{"m":1.1666666666666667,"s":2.0416666666666665},"engine":"HMC(2000, 0.1, 3)"}
