{"turing_commit":"302e61aeaf71fd1c00d356b0000ee94cf63bb42a","name":"Gaussian Model","time":12.888790858000002,"mem":3745476779,"turing":{"elapsed":0.05821190395238095,"lam[2]":0.02031228391004563,"lam[3]":0.9455630675497297,"mu":9.026971335037015,"lam[7]":0.714543744282706,"lam[5]":1.178464990106328,"lam[4]":1.1307946065697005,"lf_num":5.0,"lam[1]":0.0027659569591785833,"lp":-47.328283176004426,"eval_num":8.0,"epsilon":0.25,"lam[6]":1.5487949637033627},"created":"15-Dec-2018-02-18-34","bench_commit":"5adc70098802a5efe3305a034a354e90ae2ec240","engine":"Gibbs(200, HMC(10, 0.25, 5, :mu), PG(20, 10, :lam))"}
