{"turing_commit":"302e61aeaf71fd1c00d356b0000ee94cf63bb42a","name":"Simple Gaussian Model","time":0.21874318599999998,"mem":86677718,"turing":{"lf_num":3.0,"eval_num":5.0,"m":1.1910505377975444,"epsilon":0.09999999999999987,"elapsed":0.00010432133399999999,"lp":-5.848933761654304,"s":2.1172269057275175,"lf_eps":0.09999999999999987},"created":"15-Dec-2018-02-17-06","bench_commit":"5adc70098802a5efe3305a034a354e90ae2ec240","analytic":{"m":1.1666666666666667,"s":2.0416666666666665},"engine":"HMC(2000, 0.1, 3)"}
