{"turing_commit":"aed8f5c58832b9a118da6b53c3320cddf7af616d","name":"Gaussian Model","time":32.938345989,"mem":3612452512,"turing":{"elapsed":0.1605465080952381,"lam[2]":0.07757304725076543,"lam[3]":1.4669960080692408,"mu":8.527491716078694,"lam[7]":0.5352080324056967,"lam[5]":1.2519953076599546,"lam[4]":0.7470432312234779,"lf_num":5.0,"lam[1]":0.0030610089616264803,"lp":-57.41730082351618,"eval_num":8.0,"epsilon":0.25,"lam[6]":0.8279325061296045},"created":"26-Jan-2019-20-25-59","bench_commit":"4a823a9ed5a52914f0f05e951dc13c2045924719","engine":"Gibbs(200, HMC(10, 0.25, 5, :mu), PG(20, 10, :lam))"}
