{"turing_commit":"aed8f5c58832b9a118da6b53c3320cddf7af616d","name":"Simple Gaussian Model","time":0.50646547,"mem":74240416,"turing":{"lf_num":3.0,"eval_num":5.0,"m":1.6023587556739127,"epsilon":0.09999999999999987,"elapsed":0.000276220876,"lp":-6.070843523873189,"s":2.5763981977672366,"lf_eps":0.09999999999999987},"created":"26-Jan-2019-20-19-34","bench_commit":"4a823a9ed5a52914f0f05e951dc13c2045924719","analytic":{"m":1.1666666666666667,"s":2.0416666666666665},"engine":"HMC(2000, 0.1, 3)"}
