{"turing_commit":"873aaece57def9e5e2ecd83430bbe29c31c1d64b","name":"Gaussian Model","time":17.899657707999996,"mem":5581253739,"turing":{"elapsed":0.08810315847619049,"lam[2]":0.11911962169450994,"lam[3]":0.0705447503011971,"mu":0.45203724685841823,"lam[7]":0.004973151170509642,"lam[5]":0.013091684351471324,"lam[4]":0.019322288132925115,"lf_num":5.0,"lam[1]":0.0561132472203711,"lp":-134.0698544196252,"eval_num":8.0,"epsilon":0.25,"lam[6]":0.005545824669604482},"created":"15-Dec-2018-02-15-47","bench_commit":"5adc70098802a5efe3305a034a354e90ae2ec240","engine":"Gibbs(200, HMC(10, 0.25, 5, :mu), PG(20, 10, :lam))"}
