{"turing_commit":"873aaece57def9e5e2ecd83430bbe29c31c1d64b","name":"Simple Gaussian Model","time":0.23965637299999998,"mem":87474390,"turing":{"lf_num":3.0,"eval_num":5.0,"m":1.3459234771514155,"epsilon":0.09999999999999987,"elapsed":0.00011887015399999997,"lp":-5.593876025292467,"s":1.7347549935066513,"lf_eps":0.09999999999999987},"created":"15-Dec-2018-02-14-15","bench_commit":"5adc70098802a5efe3305a034a354e90ae2ec240","analytic":{"m":1.1666666666666667,"s":2.0416666666666665},"engine":"HMC(2000, 0.1, 3)"}
